regkey,regtype,regvalue
B0CZTRH3TX,asin-to-ean-tesvik,8684089409378
B0CZTQBX1B,asin-to-ean-tesvik,8684089409361
B0CZTRWRPY,asin-to-ean-tesvik,8684089409354
B0CZDMSYB9,asin-to-ean-tesvik,8684089409330
B0CZDKKBPD,asin-to-ean-tesvik,8684089409323
B0CZDRJLVM,asin-to-ean-tesvik,8684089409316
B0CZDDGXXT,asin-to-ean-tesvik,8684089409309
B0CZDNGQNY,asin-to-ean-tesvik,8684089409293
B0CZDGZY23,asin-to-ean-tesvik,8684089409286
B0CW9KV73Z,asin-to-ean-tesvik,8684089409194
B0CW9YTLQT,asin-to-ean-tesvik,8684089409187
B0CW9YNZSV,asin-to-ean-tesvik,8684089409170
B0CW9ZJPT5,asin-to-ean-tesvik,8684089409163
B0CTSVDLC7,asin-to-ean-tesvik,8684089408975
B0CRV13ZV3,asin-to-ean-tesvik,8684089408753
B0CRTZWHDZ,asin-to-ean-tesvik,8684089408746
B0CRRXXXD3,asin-to-ean-tesvik,8684089408739
B0CRRX2ML7,asin-to-ean-tesvik,8684089408715
B0CRDN4GFW,asin-to-ean-tesvik,8684089408708
B0CQRH7472,asin-to-ean-tesvik,8684089408661
B0CQRJ8XYQ,asin-to-ean-tesvik,8684089408654
B0CQRJW587,asin-to-ean-tesvik,8684089408630
B0CMQMC819,asin-to-ean-tesvik,8684089408357
B0CMQM1KF7,asin-to-ean-tesvik,8684089408340
B0CMQMT2L6,asin-to-ean-tesvik,8684089408333
B0CM9S5QSX,asin-to-ean-tesvik,8684089408326
B0CMB5S38H,asin-to-ean-tesvik,8684089408319
B0CM9R8Z6L,asin-to-ean-tesvik,8684089408302
B0CKTNR1VC,asin-to-ean-tesvik,8684089408159
B0CK523WVM,asin-to-ean-tesvik,8684089408142
B0CK4ZQG1J,asin-to-ean-tesvik,8684089408135
B0CK4XX5B9,asin-to-ean-tesvik,8684089408128
B0CK4XDLN4,asin-to-ean-tesvik,8684089408111
B0CK4WCC8C,asin-to-ean-tesvik,8684089408098
B0CK4YG44S,asin-to-ean-tesvik,8684089408081
B0CK4XKY7L,asin-to-ean-tesvik,8684089408074
B0CK4VZ4QL,asin-to-ean-tesvik,8684089408067
B0CK4XL8D7,asin-to-ean-tesvik,8684089408050
B0CK4XKYNV,asin-to-ean-tesvik,8684089408036
B0CK4WHGBX,asin-to-ean-tesvik,8684089408029
B0CK4X1ZTF,asin-to-ean-tesvik,8684089408012
B0CHZ7PHCZ,asin-to-ean-tesvik,8684089408005
B0CFYGS2BZ,asin-to-ean-tesvik,8684089407985
B0CFYG9THD,asin-to-ean-tesvik,8684089407978
B0CFM75PWV,asin-to-ean-tesvik,8684089407923
B0CFM7FZQK,asin-to-ean-tesvik,8684089407916
B0CFM9YC4Z,asin-to-ean-tesvik,8684089407909
B0CFLZ7C3Q,asin-to-ean-tesvik,8684089407893
B0CFLHPQ7X,asin-to-ean-tesvik,8684089407886
B0CF5GH1GJ,asin-to-ean-tesvik,8684089407855
B0CF2KQZZ3,asin-to-ean-tesvik,8684089407824
B0CDM9WVPT,asin-to-ean-tesvik,8684089407770
B0CDM8KSDZ,asin-to-ean-tesvik,8684089407763
B0CDM9XF5B,asin-to-ean-tesvik,8684089407756
B0CDM8MW97,asin-to-ean-tesvik,8684089407749
B0CDM9Q1VJ,asin-to-ean-tesvik,8684089407732
B0CDMBW5NC,asin-to-ean-tesvik,8684089407725
B0CDM85ZGS,asin-to-ean-tesvik,8684089407701
B0CDHHJQNL,asin-to-ean-tesvik,8684089407619
B0CDHJCX7Q,asin-to-ean-tesvik,8684089407602
B0CDHJ4P16,asin-to-ean-tesvik,8684089407596
B0CDHGZJSL,asin-to-ean-tesvik,8684089407589
B0CD1W26JN,asin-to-ean-tesvik,8684089407572
B0CD1XM935,asin-to-ean-tesvik,8684089407565
B0CD1XDPBY,asin-to-ean-tesvik,8684089407558
B0CD1WN9BZ,asin-to-ean-tesvik,8684089407541
B0CC2MQ9ZM,asin-to-ean-tesvik,8684089407473
B0CC2LY42D,asin-to-ean-tesvik,8684089407466
B0C9DF8B1L,asin-to-ean-tesvik,8684089407435
B0C9DDTHD5,asin-to-ean-tesvik,8684089407428
B0C9CLD6Y6,asin-to-ean-tesvik,8684089407411
B0C9CMTSJX,asin-to-ean-tesvik,8684089407404
B0C9CMJP9N,asin-to-ean-tesvik,8684089407398
B0C9CL6VVB,asin-to-ean-tesvik,8684089407381
B0C94Q9RTC,asin-to-ean-tesvik,8684089407350
B0C94PP71N,asin-to-ean-tesvik,8684089407343
B0C94Q68K8,asin-to-ean-tesvik,8684089407336
B0C94LY9HL,asin-to-ean-tesvik,8684089407329
B0C8B36H8R,asin-to-ean-tesvik,8684089407305
B0C8B4DM21,asin-to-ean-tesvik,8684089407299
B0C8B4ZFZ8,asin-to-ean-tesvik,8684089407282
B0C8B12CHJ,asin-to-ean-tesvik,8684089407275
B0C8B5RF7P,asin-to-ean-tesvik,8684089407268
B0C8B54SYT,asin-to-ean-tesvik,8684089407251
B0C8B537BJ,asin-to-ean-tesvik,8684089407244
B0C8B645JW,asin-to-ean-tesvik,8684089407237
B0C86P3FFT,asin-to-ean-tesvik,8684089407220
B0C86MJZHN,asin-to-ean-tesvik,8684089407213
B0C6KPJT65,asin-to-ean-tesvik,8684089407190
B0C6KNPQRZ,asin-to-ean-tesvik,8684089407183
B0C5MPP5SW,asin-to-ean-tesvik,8684089407152
B0C5MSLG86,asin-to-ean-tesvik,8684089407145
B0C5JS224W,asin-to-ean-tesvik,8684089407138
B0C5JTJ8T9,asin-to-ean-tesvik,8684089407121
B0C5JS61TS,asin-to-ean-tesvik,8684089407114
B0C5JQWMJ1,asin-to-ean-tesvik,8684089407107
B0C5JR5RFH,asin-to-ean-tesvik,8684089407091
B0C59ZYY6Y,asin-to-ean-tesvik,8684089407060
B0C59ZXFM5,asin-to-ean-tesvik,8684089407053
B0C59Y7LNK,asin-to-ean-tesvik,8684089407046
B0C3Z4HPFF,asin-to-ean-tesvik,8684089406865
B0C3RPFCMN,asin-to-ean-tesvik,8684089406858
B0C3R5TCZ6,asin-to-ean-tesvik,8684089406834
B0C3R58T4Z,asin-to-ean-tesvik,8684089406827
B0C3MN9HCW,asin-to-ean-tesvik,8684089406797
B0C3MPF1HS,asin-to-ean-tesvik,8684089406780
B0C3MNQRPM,asin-to-ean-tesvik,8684089406773
B0C3MMSC94,asin-to-ean-tesvik,8684089406766
B0C3MJQ7S6,asin-to-ean-tesvik,8684089406759
B0C3MHNKFY,asin-to-ean-tesvik,8684089406742
B0C3MKPB5N,asin-to-ean-tesvik,8684089406735
B0C3MJN7RS,asin-to-ean-tesvik,8684089406728
B0C3MH25SP,asin-to-ean-tesvik,8684089406711
B0C3MH5QZF,asin-to-ean-tesvik,8684089406704
B0C3MKP3SR,asin-to-ean-tesvik,8684089406698
B0C3MLQCG6,asin-to-ean-tesvik,8684089406681
B0C3MHCZL3,asin-to-ean-tesvik,8684089406674
B0C3MJM957,asin-to-ean-tesvik,8684089406667
B0C3MJYJX4,asin-to-ean-tesvik,8684089406650
B0C3MG5QC3,asin-to-ean-tesvik,8684089406643
B0C3K2TK7B,asin-to-ean-tesvik,8684089406636
B0C3K9CMSF,asin-to-ean-tesvik,8684089406629
B0C2HFZNTX,asin-to-ean-tesvik,8684089406599
B0C2HGNKM7,asin-to-ean-tesvik,8684089406582
B0C2HCJ29H,asin-to-ean-tesvik,8684089406575
B0C2H99M9H,asin-to-ean-tesvik,8684089406568
B0C2H854G6,asin-to-ean-tesvik,8684089406551
B0C2CFPT3T,asin-to-ean-tesvik,8684089406513
B0C43XL6YR,asin-to-ean-tesvik,8684089406506
B0C43X7GWM,asin-to-ean-tesvik,8684089406490
B0C43Y1GWX,asin-to-ean-tesvik,8684089406483
B0C43W432Y,asin-to-ean-tesvik,8684089406476
B0C43Y7WHG,asin-to-ean-tesvik,8684089406469
B0C43W1WSC,asin-to-ean-tesvik,8684089406452
B0C43VNQ3G,asin-to-ean-tesvik,8684089406445
B0C43X8VW9,asin-to-ean-tesvik,8684089406438
B0BYD1G6RL,asin-to-ean-tesvik,8684089406377
B0BY5156DG,asin-to-ean-tesvik,8684089406308
B0C43VJG6Y,asin-to-ean-tesvik,8684089406278
B0C43TD7SC,asin-to-ean-tesvik,8684089406261
B0C43TGFJF,asin-to-ean-tesvik,8684089406254
B0C43V7TJD,asin-to-ean-tesvik,8684089406247
B0C43TTMHP,asin-to-ean-tesvik,8684089406230
B0C43TDHDJ,asin-to-ean-tesvik,8684089406223
B0C43T52W4,asin-to-ean-tesvik,8684089406216
B0C43T52W4,asin-to-ean-tesvik,8684089406216
B0C43T3LRM,asin-to-ean-tesvik,8684089406209
B0C43TL451,asin-to-ean-tesvik,8684089406117
B0C43PM3T3,asin-to-ean-tesvik,8684089406100
B0C43RDPG1,asin-to-ean-tesvik,8684089406094
B0C43QGTCV,asin-to-ean-tesvik,8684089406087
B0C43THJRB,asin-to-ean-tesvik,8684089406070
B0C43Q1VKC,asin-to-ean-tesvik,8684089406063
B0C43QNWZ8,asin-to-ean-tesvik,8684089406056
B0C43QX77W,asin-to-ean-tesvik,8684089406049
B0BXDCWC1K,asin-to-ean-tesvik,8684089406025
B0BWS5TH48,asin-to-ean-tesvik,8684089406018
B0BWS77YG2,asin-to-ean-tesvik,8684089406001
B0BW6JTZDC,asin-to-ean-tesvik,8684089405929
B0BW6KMYJ7,asin-to-ean-tesvik,8684089405912
B0BVLWNQVF,asin-to-ean-tesvik,8684089405905
B0BVLWTK4R,asin-to-ean-tesvik,8684089405899
B0BVLY95B7,asin-to-ean-tesvik,8684089405882
B0BVLWL1J6,asin-to-ean-tesvik,8684089405875
B0BVFSQMTV,asin-to-ean-tesvik,8684089405868
B0BVFV3J93,asin-to-ean-tesvik,8684089405851
B0BVFQVH1X,asin-to-ean-tesvik,8684089405844
B0BVFPYL7P,asin-to-ean-tesvik,8684089405837
B0BVFSFMV3,asin-to-ean-tesvik,8684089405820
B0BVFQVLPR,asin-to-ean-tesvik,8684089405813
B0BVFQG6J4,asin-to-ean-tesvik,8684089405806
B0BVFSHB2K,asin-to-ean-tesvik,8684089405790
B0BVFNNJ3P,asin-to-ean-tesvik,8684089405783
B0BVFLFWML,asin-to-ean-tesvik,8684089405776
B0BVFPZDHC,asin-to-ean-tesvik,8684089405769
B0BVFQVC1M,asin-to-ean-tesvik,8684089405752
B0BVBTT38J,asin-to-ean-tesvik,8684089405745
B0BVBD6BZ6,asin-to-ean-tesvik,8684089405738
B0BVBSTDC6,asin-to-ean-tesvik,8684089405721
B0BVBDBF3P,asin-to-ean-tesvik,8684089405714
B0BVBKM4PS,asin-to-ean-tesvik,8684089405707
B0BVBK37Z2,asin-to-ean-tesvik,8684089405691
B0BVBHD1PX,asin-to-ean-tesvik,8684089405684
B0BVBCGFQJ,asin-to-ean-tesvik,8684089405677
B0BVBN3CQB,asin-to-ean-tesvik,8684089405660
B0BVBL1J4X,asin-to-ean-tesvik,8684089405653
B0BVBLPV1W,asin-to-ean-tesvik,8684089405646
B0BVBK2CMT,asin-to-ean-tesvik,8684089405639
B0BVBL6DVR,asin-to-ean-tesvik,8684089405622
B0BVBMJG2Z,asin-to-ean-tesvik,8684089405615
B0BVBHMN94,asin-to-ean-tesvik,8684089405608
B0BVBCGMDR,asin-to-ean-tesvik,8684089405592
B0BV6JC6VJ,asin-to-ean-tesvik,8684089405585
B0BV6JPYWC,asin-to-ean-tesvik,8684089405578
B0BV6GFJTD,asin-to-ean-tesvik,8684089405561
B0BV6F5K3B,asin-to-ean-tesvik,8684089405554
B0BV6M1Q8K,asin-to-ean-tesvik,8684089405547
B0BV6H3BFY,asin-to-ean-tesvik,8684089405530
B0BV6H4V9N,asin-to-ean-tesvik,8684089405523
B0BV6JMC9T,asin-to-ean-tesvik,8684089405516
B0BV69N9BJ,asin-to-ean-tesvik,8684089405509
B0BV6CL3PN,asin-to-ean-tesvik,8684089405493
B0BV69L5HK,asin-to-ean-tesvik,8684089405486
B0BVFWVDC7,asin-to-ean-tesvik,8684089405455
B0BVFWT9GT,asin-to-ean-tesvik,8684089405448
B0BVFWGZWH,asin-to-ean-tesvik,8684089405431
B0BVFT97V8,asin-to-ean-tesvik,8684089405424
B0BVFTY9HF,asin-to-ean-tesvik,8684089405417
B0BVFX9ZT1,asin-to-ean-tesvik,8684089405400
B0BVFTZCWB,asin-to-ean-tesvik,8684089405394
B0BVFTCPK8,asin-to-ean-tesvik,8684089405387
B0BT4R41G7,asin-to-ean-tesvik,8684089405370
B0BT4P563G,asin-to-ean-tesvik,8684089405363
B0BT4QRM47,asin-to-ean-tesvik,8684089405356
B0BT4Q71XQ,asin-to-ean-tesvik,8684089405349
B0BV65T74B,asin-to-ean-tesvik,8684089405332
B0BV67VWRY,asin-to-ean-tesvik,8684089405325
B0BV66SK3H,asin-to-ean-tesvik,8684089405318
B0BV5Z6WWF,asin-to-ean-tesvik,8684089405301
B0BV677JH7,asin-to-ean-tesvik,8684089405295
B0BV67G5LT,asin-to-ean-tesvik,8684089405288
B0BV63ZSW7,asin-to-ean-tesvik,8684089405271
B0BV68YTTN,asin-to-ean-tesvik,8684089405264
B0BV62LK57,asin-to-ean-tesvik,8684089405257
B0BV63S4MN,asin-to-ean-tesvik,8684089405240
B0BV66MKLW,asin-to-ean-tesvik,8684089405233
B0BV63F1YJ,asin-to-ean-tesvik,8684089405226
B0BV395QXM,asin-to-ean-tesvik,8684089405219
B0BV37WS2X,asin-to-ean-tesvik,8684089405202
B0BV38BD6L,asin-to-ean-tesvik,8684089405196
B0BV37KP1L,asin-to-ean-tesvik,8684089405189
B0BV38SRFY,asin-to-ean-tesvik,8684089405172
B0BV369J1T,asin-to-ean-tesvik,8684089405158
B0BV38DCY1,asin-to-ean-tesvik,8684089405141
B0BT543QNZ,asin-to-ean-tesvik,8684089405127
B0BT53FZVX,asin-to-ean-tesvik,8684089405110
B0BT1BQF8F,asin-to-ean-tesvik,8684089405073
B0BT1LWK68,asin-to-ean-tesvik,8684089405066
B0BT14XPNW,asin-to-ean-tesvik,8684089405059
B0BT17DSM7,asin-to-ean-tesvik,8684089405042
B0BT14XFML,asin-to-ean-tesvik,8684089405035
B0BT18KB5W,asin-to-ean-tesvik,8684089405028
B0BT16R4QF,asin-to-ean-tesvik,8684089405011
B0BSXMWC8L,asin-to-ean-tesvik,8684089405004
B0BSXN49HR,asin-to-ean-tesvik,8684089404991
B0BSXNXJJW,asin-to-ean-tesvik,8684089404984
B0BSXMLCJN,asin-to-ean-tesvik,8684089404977
B0BSXN7PGB,asin-to-ean-tesvik,8684089404960
B0BSXNT613,asin-to-ean-tesvik,8684089404953
B0BSXM6H2S,asin-to-ean-tesvik,8684089404946
B0BSXNLLK3,asin-to-ean-tesvik,8684089404939
B0BSXNKVTK,asin-to-ean-tesvik,8684089404922
B0BSXLTH73,asin-to-ean-tesvik,8684089404915
B0BSXM5C75,asin-to-ean-tesvik,8684089404908
B0BSXMQWKL,asin-to-ean-tesvik,8684089404892
B0BSXL4NKT,asin-to-ean-tesvik,8684089404885
B0BSXKHWCX,asin-to-ean-tesvik,8684089404878
B0BSXJW5ZM,asin-to-ean-tesvik,8684089404861
B0BSXKGFNM,asin-to-ean-tesvik,8684089404854
B0BSXL727Z,asin-to-ean-tesvik,8684089404847
B0BSXJTVPV,asin-to-ean-tesvik,8684089404830
B0BSXKVHPZ,asin-to-ean-tesvik,8684089404823
B0BSXL4KC7,asin-to-ean-tesvik,8684089404816
B0BSXK2VKR,asin-to-ean-tesvik,8684089404809
B0BSXK74D9,asin-to-ean-tesvik,8684089404793
B0BSXK339C,asin-to-ean-tesvik,8684089404786
B0BSXJX2DL,asin-to-ean-tesvik,8684089404779
B0BSXDNWR1,asin-to-ean-tesvik,8684089404762
B0BSXFPZBH,asin-to-ean-tesvik,8684089404755
B0BSXFKY1V,asin-to-ean-tesvik,8684089404748
B0BSXGJNY1,asin-to-ean-tesvik,8684089404731
B0BSXCFGD9,asin-to-ean-tesvik,8684089404724
B0BSXGX7D9,asin-to-ean-tesvik,8684089404717
B0BSXFL27B,asin-to-ean-tesvik,8684089404700
B0BSXFZ4KQ,asin-to-ean-tesvik,8684089404694
B0BSXD5QK7,asin-to-ean-tesvik,8684089404687
B0BSXFQK9R,asin-to-ean-tesvik,8684089404670
B0BSXDFPYS,asin-to-ean-tesvik,8684089404663
B0BSXDD9WT,asin-to-ean-tesvik,8684089404656
B0BSXBW6DW,asin-to-ean-tesvik,8684089404649
B0BSXFK8XT,asin-to-ean-tesvik,8684089404632
B0BSXGSLCS,asin-to-ean-tesvik,8684089404625
B0BSXF3FDQ,asin-to-ean-tesvik,8684089404618
B0BSXFN27N,asin-to-ean-tesvik,8684089404601
B0BSXCWQ48,asin-to-ean-tesvik,8684089404595
B0BSXF8WXD,asin-to-ean-tesvik,8684089404588
B0BSXG62L7,asin-to-ean-tesvik,8684089404571
B0BSWY8TW2,asin-to-ean-tesvik,8684089404564
B0BSWTY7MD,asin-to-ean-tesvik,8684089404557
B0BSWX81Q3,asin-to-ean-tesvik,8684089404540
B0BSWM2JSN,asin-to-ean-tesvik,8684089404533
B0BSWPXXSH,asin-to-ean-tesvik,8684089404526
B0BSWKYF5V,asin-to-ean-tesvik,8684089404519
B0BSWSPYXK,asin-to-ean-tesvik,8684089404502
B0BSV2GCZP,asin-to-ean-tesvik,8684089404496
B0BSV2SGXR,asin-to-ean-tesvik,8684089404489
B0BSTYPJN4,asin-to-ean-tesvik,8684089404472
B0BSTWNHTC,asin-to-ean-tesvik,8684089404465
B0BSTXMT6Y,asin-to-ean-tesvik,8684089404458
B0BSTWWFT4,asin-to-ean-tesvik,8684089404441
B0BSTXFZXP,asin-to-ean-tesvik,8684089404434
B0BSTXSQPQ,asin-to-ean-tesvik,8684089404427
B0BSTXWQ8T,asin-to-ean-tesvik,8684089404410
B0BSTWX8RV,asin-to-ean-tesvik,8684089404403
B0BSTX6W3B,asin-to-ean-tesvik,8684089404397
B0BSTXPJ4P,asin-to-ean-tesvik,8684089404380
B0BSTY3LT8,asin-to-ean-tesvik,8684089404373
B0BSTXZKW7,asin-to-ean-tesvik,8684089404366
B0BSTXPH1V,asin-to-ean-tesvik,8684089404359
B0BSTXBV6Z,asin-to-ean-tesvik,8684089404342
B0BSTQRYS3,asin-to-ean-tesvik,8684089404335
B0BSTXBK3N,asin-to-ean-tesvik,8684089404328
B0BSTXJ3KN,asin-to-ean-tesvik,8684089404311
B0BSTX8F3F,asin-to-ean-tesvik,8684089404304
B0BSTXYSP6,asin-to-ean-tesvik,8684089404298
B0BSTXZDNZ,asin-to-ean-tesvik,8684089404281
B0BSTXKDZD,asin-to-ean-tesvik,8684089404274
B0BSQP88WZ,asin-to-ean-tesvik,8684089404267
B0BSQNH11W,asin-to-ean-tesvik,8684089404250
B0BSQP382B,asin-to-ean-tesvik,8684089404243
B0BSNR6BC6,asin-to-ean-tesvik,8684089404236
B0BSNSG6SK,asin-to-ean-tesvik,8684089404229
B0BSNP9XDQ,asin-to-ean-tesvik,8684089404182
B0BSNNBYN6,asin-to-ean-tesvik,8684089404175
B0BSNHK8B1,asin-to-ean-tesvik,8684089404168
B0BSNHHCQ6,asin-to-ean-tesvik,8684089404151
B0BSLR4LJ1,asin-to-ean-tesvik,8684089404137
B0BSJL782S,asin-to-ean-tesvik,8684089404113
B0BSJHVVL3,asin-to-ean-tesvik,8684089404090
B0BSFDP6LZ,asin-to-ean-tesvik,8684089404045
B0BSF6TL1M,asin-to-ean-tesvik,8684089404038
B0BSLMGB6G,asin-to-ean-tesvik,8684089404021
B0BSLLC2JK,asin-to-ean-tesvik,8684089404014
B0BSLMGHYS,asin-to-ean-tesvik,8684089403994
B0BSLQ2XWV,asin-to-ean-tesvik,8684089403987
B0BSLQ5K8S,asin-to-ean-tesvik,8684089403970
B0BSLMDMXL,asin-to-ean-tesvik,8684089403963
B0BSLM6168,asin-to-ean-tesvik,8684089403956
B0BSLLJTCT,asin-to-ean-tesvik,8684089403857
B0BSLLH4XV,asin-to-ean-tesvik,8684089403840
B0BSLKN8RC,asin-to-ean-tesvik,8684089403826
B0BS3S14LM,asin-to-ean-tesvik,8684089403130
B0BS3Q7GMM,asin-to-ean-tesvik,8684089403116
B0BS3QHQ4K,asin-to-ean-tesvik,8684089403093
B0BS6KRCGF,asin-to-ean-tesvik,8684089403055
B0BS6J6B5C,asin-to-ean-tesvik,8684089403048
B0BS6J92Q6,asin-to-ean-tesvik,8684089403017
B0BS6HV9L5,asin-to-ean-tesvik,8684089403000
B0BS71JQM3,asin-to-ean-tesvik,8684089402805
B0BS46J4DV,asin-to-ean-tesvik,8684089402737
B0BS46KPY2,asin-to-ean-tesvik,8684089402720
B0BS45MV3J,asin-to-ean-tesvik,8684089402713
B0BRQF8TGF,asin-to-ean-tesvik,8684089402515
B0BRSXYKYQ,asin-to-ean-tesvik,8684089402508
B0BRSXGDQG,asin-to-ean-tesvik,8684089402492
B0BRSXSKP4,asin-to-ean-tesvik,8684089402485
B0BRSXRY56,asin-to-ean-tesvik,8684089402478
B0BRSXWDM6,asin-to-ean-tesvik,8684089402461
B0BRSYQ9DS,asin-to-ean-tesvik,8684089402454
B0BRSXPKT8,asin-to-ean-tesvik,8684089402447
B0BRSZFW27,asin-to-ean-tesvik,8684089402430
B0BRXQYXMQ,asin-to-ean-tesvik,8684089402423
B0BRXPYHKD,asin-to-ean-tesvik,8684089402416
B0BRXQGYQJ,asin-to-ean-tesvik,8684089402393
B0BRXPRNB5,asin-to-ean-tesvik,8684089402386
B0BRXR2C4W,asin-to-ean-tesvik,8684089402379
B0BRXPQHSY,asin-to-ean-tesvik,8684089402362
B0BRXNNLBH,asin-to-ean-tesvik,8684089402355
B0BRXPGS2V,asin-to-ean-tesvik,8684089402348
B0BRXQTFHM,asin-to-ean-tesvik,8684089402331
B0BRXP2TZ3,asin-to-ean-tesvik,8684089402324
B0BRQ5K1B6,asin-to-ean-tesvik,8684089401884
B0BRQ66WHD,asin-to-ean-tesvik,8684089401877
B0BRQ6NFJS,asin-to-ean-tesvik,8684089401860
B0BRT4LVD7,asin-to-ean-tesvik,8684089401624
B0BRT49NMQ,asin-to-ean-tesvik,8684089401617
B0BRT5HRR4,asin-to-ean-tesvik,8684089401600
B0BRT4B4B2,asin-to-ean-tesvik,8684089401594
B0BRT5F95M,asin-to-ean-tesvik,8684089401587
B0BRT3SJQB,asin-to-ean-tesvik,8684089401570
B0BRT3T4F6,asin-to-ean-tesvik,8684089401563
B0BRT48H3F,asin-to-ean-tesvik,8684089401556
B0BQYWXRQS,asin-to-ean-tesvik,8684089400573
B0BQYVDDM4,asin-to-ean-tesvik,8684089400566
B0BQYVYCV4,asin-to-ean-tesvik,8684089400559
B0BQWQZL7R,asin-to-ean-tesvik,8684089400399
B0BQWPP1QH,asin-to-ean-tesvik,8684089400382
B0BQWLLDJJ,asin-to-ean-tesvik,8684089400368
B0BQRRHG83,asin-to-ean-tesvik,8684089400245
B0BQRR16G2,asin-to-ean-tesvik,8684089400238
B0BQRMTM3Q,asin-to-ean-tesvik,8684089400177
B0D4QXRHC4,asin-to-ean-tesvik,8684089413221
B0D4R3DYQS,asin-to-ean-tesvik,8684089413238
B0D4R42WGQ,asin-to-ean-tesvik,8684089413245
B0D4J76DSN,asin-to-ean-tesvik,8684089413085
B0D4MCD6JB,asin-to-ean-tesvik,8684089413115
B0D4MF1N5K,asin-to-ean-tesvik,8684089413146
B0D4MD32RR,asin-to-ean-tesvik,8684089413177
B0D4MD75PW,asin-to-ean-tesvik,8684089413207
B0D4MC1B7J,asin-to-ean-tesvik,8684089413108
B0D4MDQ1FY,asin-to-ean-tesvik,8684089413139
B0D4MBY56G,asin-to-ean-tesvik,8684089413160
B0D4MD4GLB,asin-to-ean-tesvik,8684089413191
B0D4MF8691,asin-to-ean-tesvik,8684089413092
B0D4MCT1SC,asin-to-ean-tesvik,8684089413122
B0D4MC36V3,asin-to-ean-tesvik,8684089413153
B0D4MD9LG5,asin-to-ean-tesvik,8684089413184
B0D5YLFRJY,asin-to-ean-tesvik,8684089413566
B0D5YMM4RN,asin-to-ean-tesvik,8684089413573
B0D5YJVD5Q,asin-to-ean-tesvik,8684089413580
B0D5YMH1N2,asin-to-ean-tesvik,8684089413597
B0D5YK64CY,asin-to-ean-tesvik,8684089413528
B0D5YK5FCH,asin-to-ean-tesvik,8684089413535
B0D5YJX671,asin-to-ean-tesvik,8684089413542
B0D5YLTJLM,asin-to-ean-tesvik,8684089413559
B0D5YJCST9,asin-to-ean-tesvik,8684089413481
B0D5YK1LZT,asin-to-ean-tesvik,8684089413498
B0D5YKZBNT,asin-to-ean-tesvik,8684089413504
B0D5YJ1XQS,asin-to-ean-tesvik,8684089413511
B0D4MKWMWT,asin-to-ean-tesvik,8684089413214
B0BQRRC123,asin-to-ean-tesvik,8684089400207
B0C5JKV1X4,asin-to-ean-tesvik,8684089407084
B0BQWMY5ZT,asin-to-ean-tesvik,8684089400351
B0D5DGKYFV,asin-to-ean-tesvik,8684089413399
B0D5DGLMB3,asin-to-ean-tesvik,8684089413382
B0D5DHJ5CQ,asin-to-ean-tesvik,8684089413405
B0D5DHP16Z,asin-to-ean-tesvik,8684089413412
B0BV3963MZ,asin-to-ean-tesvik,8684089405165
B0CZNFSM9F,asin-to-ean-tesvik,8684089409347
B0CC2L4JG9,asin-to-ean-tesvik,8684089407497
B0CC2NY742,asin-to-ean-tesvik,8684089407480
B0BS6J5BH9,asin-to-ean-tesvik,8684089403024
B0BS6HV6Q7,asin-to-ean-tesvik,8684089403062
B0D5MFHP79,asin-to-ean-tesvik,8684089413450
B0D5MFTDNT,asin-to-ean-tesvik,8684089413467
B0D5MG4YWB,asin-to-ean-tesvik,8684089413474
B0D5MG5J5D,asin-to-ean-tesvik,8684089413429
B0D5MG253H,asin-to-ean-tesvik,8684089413436
B0D5MDKBHJ,asin-to-ean-tesvik,8684089413443
B0D4YYWCYN,asin-to-ean-tesvik,8684089413306
B0D4YXT5NL,asin-to-ean-tesvik,8684089413337
B0D4YYYQVD,asin-to-ean-tesvik,8684089413313
B0D4YW2GZ5,asin-to-ean-tesvik,8684089413320
B0D4VKF23P,asin-to-ean-tesvik,8684089413252
B0D4Z9PYVY,asin-to-ean-tesvik,8684089413276
B0D4Z7J32D,asin-to-ean-tesvik,8684089413290
B0D4Z7QV7F,asin-to-ean-tesvik,8684089413269
B0D4ZBT5TC,asin-to-ean-tesvik,8684089413283
B0D4F2S1FT,asin-to-ean-tesvik,8684089412941
B0D4F31XTR,asin-to-ean-tesvik,8684089412958
B0D4F37343,asin-to-ean-tesvik,8684089412996
B0D4F3QPDB,asin-to-ean-tesvik,8684089413009
B0D4DZXHFJ,asin-to-ean-tesvik,8684089413023
B0D4F25CP4,asin-to-ean-tesvik,8684089412972
B0D4F25BFZ,asin-to-ean-tesvik,8684089413016
B0D4F1MH49,asin-to-ean-tesvik,8684089412989
B0D4DZG49X,asin-to-ean-tesvik,8684089412965
B0D4F1Y6NL,asin-to-ean-tesvik,8684089412859
B0D4F22VLY,asin-to-ean-tesvik,8684089412866
B0D4F3DMK3,asin-to-ean-tesvik,8684089412903
B0D4F2HTBQ,asin-to-ean-tesvik,8684089412910
B0D4F31PGW,asin-to-ean-tesvik,8684089412934
B0D4F2FFWK,asin-to-ean-tesvik,8684089412880
B0D4F2BB3T,asin-to-ean-tesvik,8684089412927
B0D4F24HTK,asin-to-ean-tesvik,8684089412897
B0D4F2S47L,asin-to-ean-tesvik,8684089412873
B0D4DQBRN4,asin-to-ean-tesvik,8684089409439
B0D4DJ5PGQ,asin-to-ean-tesvik,8684089409422
B0D4D8W8VD,asin-to-ean-tesvik,8684089409446
B0D4CY4TV7,asin-to-ean-tesvik,8684089409408
B0D4DC3G3M,asin-to-ean-tesvik,8684089409392
B0D4D5XMJ7,asin-to-ean-tesvik,8684089409415
B0D5BP6ZX9,asin-to-ean-tesvik,8684089413344
B0D5BL24NF,asin-to-ean-tesvik,8684089413375
B0D5BLQTYP,asin-to-ean-tesvik,8684089413351
B0D5BMR39Z,asin-to-ean-tesvik,8684089413368
B0D4F66BGM,asin-to-ean-tesvik,8684089413030
B0D4F6S471,asin-to-ean-tesvik,8684089413047
B09WYZDCYD,asin-to-ean-tesvik,8684089409453
B09MZHBPJW,asin-to-ean-tesvik,8684089411869
B09N1DXWYR,asin-to-ean-tesvik,8684089411876
B0B9BWD2ZD,asin-to-ean-tesvik,8684089409460
B0BBVHQKPK,asin-to-ean-tesvik,8684089411883
B097T6CFRJ,asin-to-ean-tesvik,8684089409477
B09NSW9BN6,asin-to-ean-tesvik,8684089409484
B09N1DLJ2X,asin-to-ean-tesvik,8684089411913
B09KQZRPHS,asin-to-ean-tesvik,8684089409491
B09LR53F8V,asin-to-ean-tesvik,8684089409507
B09WYZL9MW,asin-to-ean-tesvik,8684089409514
B09Z37M2PX,asin-to-ean-tesvik,8684089409521
B09LR44PNG,asin-to-ean-tesvik,8684089409538
B09MZH7BLS,asin-to-ean-tesvik,8684089411920
B09NSYJJMD,asin-to-ean-tesvik,8684089409545
B09MZGZNWT,asin-to-ean-tesvik,8684089411944
B09N7NL544,asin-to-ean-tesvik,8684089409552
B0B7JWPQF9,asin-to-ean-tesvik,8684089409569
B0B521SSH8,asin-to-ean-tesvik,8684089407206
B09RKVWLDS,asin-to-ean-tesvik,8684089409576
B09N1GP4TM,asin-to-ean-tesvik,8684089411968
B0B7JTGBMT,asin-to-ean-tesvik,8684089409583
B09F3FVJJX,asin-to-ean-tesvik,8684089409590
B09F3JDTRR,asin-to-ean-tesvik,8684089409606
B09J513K1N,asin-to-ean-tesvik,8684089409613
B09J525XK5,asin-to-ean-tesvik,8684089409620
B0B9BTZ2B1,asin-to-ean-tesvik,8684089409637
B09VPWLWT7,asin-to-ean-tesvik,8684089409644
B0B9BXW9TK,asin-to-ean-tesvik,8684089412354
B09RJQLH7R,asin-to-ean-tesvik,8684089409651
B09BNZR4GX,asin-to-ean-tesvik,8684089409668
B09BNXBRVT,asin-to-ean-tesvik,8684089409675
B09BNZT8JD,asin-to-ean-tesvik,8684089409682
B09BNYNV57,asin-to-ean-tesvik,8684089409699
B09BNX1KF4,asin-to-ean-tesvik,8684089409705
B09BNY9L7J,asin-to-ean-tesvik,8684089409712
B0B9BW2S2V,asin-to-ean-tesvik,8684089412361
B09LR56SB1,asin-to-ean-tesvik,8684089409729
B09MZGJH34,asin-to-ean-tesvik,8684089411982
B09VPWD75Y,asin-to-ean-tesvik,8684089409736
B09WRKZTKP,asin-to-ean-tesvik,8684089409743
B09WRMDJGN,asin-to-ean-tesvik,8684089409750
B09WRMWD8V,asin-to-ean-tesvik,8684089409767
B09WRL9YLN,asin-to-ean-tesvik,8684089409774
B09LHVKV91,asin-to-ean-tesvik,8684089409781
B09LHVZGHF,asin-to-ean-tesvik,8684089409798
B09LHWDJQQ,asin-to-ean-tesvik,8684089409804
B09LHVH5HJ,asin-to-ean-tesvik,8684089409811
B09LHXXDTN,asin-to-ean-tesvik,8684089409828
B09LHVP9F9,asin-to-ean-tesvik,8684089409835
B09N7N5V1Z,asin-to-ean-tesvik,8684089409842
B09NW3DWKF,asin-to-ean-tesvik,8684089409859
B0B7JV3CBW,asin-to-ean-tesvik,8684089409866
B098GWN1HR,asin-to-ean-tesvik,8684089409873
B09WYZMJ14,asin-to-ean-tesvik,8684089409880
B09WYY1TNG,asin-to-ean-tesvik,8684089409897
B09WZ1CL5T,asin-to-ean-tesvik,8684089409903
B09WYZR5CN,asin-to-ean-tesvik,8684089409910
B09NSXFRRS,asin-to-ean-tesvik,8684089409927
B0B9BWQ23B,asin-to-ean-tesvik,8684089412378
B09MTSCBDM,asin-to-ean-tesvik,8684089409934
B09K7WSQXW,asin-to-ean-tesvik,8684089409941
B09K7WMHTW,asin-to-ean-tesvik,8684089409958
B09VPYRH92,asin-to-ean-tesvik,8684089409965
B0B5S4G7QD,asin-to-ean-tesvik,8684089411999
B097T6L2NR,asin-to-ean-tesvik,8684089409972
B09LR5B9FM,asin-to-ean-tesvik,8684089409989
B09NSX6ZJ2,asin-to-ean-tesvik,8684089409996
B096FWZCFG,asin-to-ean-tesvik,8684089410008
B096FZVNRF,asin-to-ean-tesvik,8684089410015
B096FY8RDP,asin-to-ean-tesvik,8684089410022
B096G4KWVQ,asin-to-ean-tesvik,8684089410039
B096FZFGGV,asin-to-ean-tesvik,8684089410046
B09Z366P1K,asin-to-ean-tesvik,8684089410053
B09H67NNTM,asin-to-ean-tesvik,8684089410060
B09H66XM8J,asin-to-ean-tesvik,8684089410077
B09H6763FD,asin-to-ean-tesvik,8684089410084
B09H68PNX1,asin-to-ean-tesvik,8684089410091
B09H66V99Y,asin-to-ean-tesvik,8684089410107
B09H67HZDW,asin-to-ean-tesvik,8684089410114
B09H67BDBJ,asin-to-ean-tesvik,8684089410121
B09H68GL18,asin-to-ean-tesvik,8684089410138
B09H65R2QD,asin-to-ean-tesvik,8684089410145
B09H65R22D,asin-to-ean-tesvik,8684089410152
B09H68MBC7,asin-to-ean-tesvik,8684089410169
B09H678253,asin-to-ean-tesvik,8684089410176
B09H67T4W6,asin-to-ean-tesvik,8684089410183
B097657JYM,asin-to-ean-tesvik,8684089410190
B097659C5G,asin-to-ean-tesvik,8684089410206
B099QTJ24R,asin-to-ean-tesvik,8684089410213
B09CZCL3SN,asin-to-ean-tesvik,8684089410220
B099QTCPD8,asin-to-ean-tesvik,8684089410237
B09CZFNBTP,asin-to-ean-tesvik,8684089410244
B099QVFJL7,asin-to-ean-tesvik,8684089410251
B09CZDSZQR,asin-to-ean-tesvik,8684089410268
B099QTJMY7,asin-to-ean-tesvik,8684089410275
B09CZD4GJB,asin-to-ean-tesvik,8684089410282
B09KNJ6YGZ,asin-to-ean-tesvik,8684089410299
B094G78XY7,asin-to-ean-tesvik,8684089410305
B094G6RQ6W,asin-to-ean-tesvik,8684089410312
B094G8QSK8,asin-to-ean-tesvik,8684089410329
B094G6TZK2,asin-to-ean-tesvik,8684089410336
B094G8NGNN,asin-to-ean-tesvik,8684089410343
B094G926L5,asin-to-ean-tesvik,8684089410350
B094G8FRKW,asin-to-ean-tesvik,8684089410367
B094G7VRGW,asin-to-ean-tesvik,8684089410374
B094GBNVNV,asin-to-ean-tesvik,8684089410381
B094GCBLWF,asin-to-ean-tesvik,8684089410398
B094G9N18Y,asin-to-ean-tesvik,8684089410404
B094GXL6HB,asin-to-ean-tesvik,8684089410411
B098H5DKNQ,asin-to-ean-tesvik,8684089410428
B098GXMBZG,asin-to-ean-tesvik,8684089410435
B098GKS9KT,asin-to-ean-tesvik,8684089410442
B098GR69BX,asin-to-ean-tesvik,8684089410459
B098GN2F6C,asin-to-ean-tesvik,8684089410466
B099QT5ZN8,asin-to-ean-tesvik,8684089410473
B099QTFLBL,asin-to-ean-tesvik,8684089410480
B099QTDLCP,asin-to-ean-tesvik,8684089410497
B099QT6QVK,asin-to-ean-tesvik,8684089410503
B09LD7C7YM,asin-to-ean-tesvik,8684089410510
B09LD8SR4G,asin-to-ean-tesvik,8684089410527
B09LD59N7Z,asin-to-ean-tesvik,8684089410534
B09LD7MTJH,asin-to-ean-tesvik,8684089410541
B0B3YFV2K2,asin-to-ean-tesvik,8684089412002
B0B3YB5W4C,asin-to-ean-tesvik,8684089412019
B0B3YBHMFG,asin-to-ean-tesvik,8684089412026
B0B3Y9CWQF,asin-to-ean-tesvik,8684089412033
B0B3YD5358,asin-to-ean-tesvik,8684089412040
B0B3Y9V6W6,asin-to-ean-tesvik,8684089412057
B0B3Y8RRFF,asin-to-ean-tesvik,8684089412064
B0B3Y923LT,asin-to-ean-tesvik,8684089412071
B0B3YBVZTC,asin-to-ean-tesvik,8684089412088
B0B3YB76GL,asin-to-ean-tesvik,8684089412095
B0B3YFS3PH,asin-to-ean-tesvik,8684089412101
B0B3YBJFQ1,asin-to-ean-tesvik,8684089412118
B0B3YBVZTD,asin-to-ean-tesvik,8684089412125
B0B3Y8D14T,asin-to-ean-tesvik,8684089412132
B0B3Y98FSL,asin-to-ean-tesvik,8684089412149
B09LR5F5CZ,asin-to-ean-tesvik,8684089410558
B09NSXB376,asin-to-ean-tesvik,8684089410565
B09N19N7XH,asin-to-ean-tesvik,8684089412156
B09LR5SLR4,asin-to-ean-tesvik,8684089410572
B09D3QZ9JB,asin-to-ean-tesvik,8684089410589
B09VPYX4DZ,asin-to-ean-tesvik,8684089410596
B0B9BT8X4G,asin-to-ean-tesvik,8684089412385
B09MNL86X4,asin-to-ean-tesvik,8684089410602
B09MNKRNW2,asin-to-ean-tesvik,8684089410619
B09MNMBYQ3,asin-to-ean-tesvik,8684089410626
B09MNLLFKH,asin-to-ean-tesvik,8684089410633
B09MNKMBTB,asin-to-ean-tesvik,8684089410640
B09MNKMC9N,asin-to-ean-tesvik,8684089410657
B09MNLQ4N8,asin-to-ean-tesvik,8684089410664
B09MNL2LCF,asin-to-ean-tesvik,8684089410671
B09MNLF2BV,asin-to-ean-tesvik,8684089410688
B09MNKN42T,asin-to-ean-tesvik,8684089410695
B09MNL88CS,asin-to-ean-tesvik,8684089410701
B09MNLS958,asin-to-ean-tesvik,8684089410718
B09MNLB9S3,asin-to-ean-tesvik,8684089410725
B09MNM2819,asin-to-ean-tesvik,8684089410732
B09MNMJYD2,asin-to-ean-tesvik,8684089410749
B09MNKYZ6Y,asin-to-ean-tesvik,8684089410756
B09VCD7GHN,asin-to-ean-tesvik,8684089410763
B09VCG3D4Y,asin-to-ean-tesvik,8684089410770
B09VLDQKH9,asin-to-ean-tesvik,8684089410787
B09VLFZM25,asin-to-ean-tesvik,8684089410794
B09VLGCKW4,asin-to-ean-tesvik,8684089410800
B0BBVG764M,asin-to-ean-tesvik,8684089412163
B09VPX244J,asin-to-ean-tesvik,8684089410817
B09MTRS894,asin-to-ean-tesvik,8684089410824
B09N1HGNCV,asin-to-ean-tesvik,8684089412170
B09N7PGHKR,asin-to-ean-tesvik,8684089410831
B09VPX36FR,asin-to-ean-tesvik,8684089410848
B09WYS8FPW,asin-to-ean-tesvik,8684089410855
B09WYPWTL7,asin-to-ean-tesvik,8684089410862
B09WYQ9JVF,asin-to-ean-tesvik,8684089410879
B09WYPPXWW,asin-to-ean-tesvik,8684089410886
B09WYT2BRW,asin-to-ean-tesvik,8684089410893
B09WYRFRPB,asin-to-ean-tesvik,8684089410909
B09WYN57BV,asin-to-ean-tesvik,8684089410916
B09WYN9YH5,asin-to-ean-tesvik,8684089410923
B09WYRQ3LJ,asin-to-ean-tesvik,8684089410930
B09WYSHQTN,asin-to-ean-tesvik,8684089410947
B09WYQWDXH,asin-to-ean-tesvik,8684089410954
B09WYR52FD,asin-to-ean-tesvik,8684089410961
B09N7NLNQL,asin-to-ean-tesvik,8684089410978
B09F9SBLW2,asin-to-ean-tesvik,8684089410985
B09F9TLJH4,asin-to-ean-tesvik,8684089410992
B09F9R1ZM1,asin-to-ean-tesvik,8684089411005
B09F9TDJN9,asin-to-ean-tesvik,8684089411012
B09NSY64QT,asin-to-ean-tesvik,8684089411029
B097T4V8VL,asin-to-ean-tesvik,8684089411036
B09HVFQSCH,asin-to-ean-tesvik,8684089411043
B09BZP3D33,asin-to-ean-tesvik,8684089411050
B09BZP28JZ,asin-to-ean-tesvik,8684089411067
B09BZNVKJX,asin-to-ean-tesvik,8684089411074
B09BZQHWHX,asin-to-ean-tesvik,8684089411081
B0B2DZBP68,asin-to-ean-tesvik,8684089412187
B0B2DZ8Z84,asin-to-ean-tesvik,8684089412194
B0B2F1BPVR,asin-to-ean-tesvik,8684089412200
B0B2F2V9F5,asin-to-ean-tesvik,8684089412217
B09CDYWGNL,asin-to-ean-tesvik,8684089411098
B09L1HMFBK,asin-to-ean-tesvik,8684089411104
B09L1HNQSL,asin-to-ean-tesvik,8684089411111
B09L1HBY5X,asin-to-ean-tesvik,8684089411128
B09L1HPCFN,asin-to-ean-tesvik,8684089411135
B09L1J9X1G,asin-to-ean-tesvik,8684089411142
B09L1H6MWK,asin-to-ean-tesvik,8684089411159
B09WRQ4T5T,asin-to-ean-tesvik,8684089411166
B0982HYXBN,asin-to-ean-tesvik,8684089411173
B097T5FYM8,asin-to-ean-tesvik,8684089411180
B09LR3HPCT,asin-to-ean-tesvik,8684089411197
B09NSXSWGC,asin-to-ean-tesvik,8684089411203
B09MZGKPRC,asin-to-ean-tesvik,8684089412224
B09MZHK78H,asin-to-ean-tesvik,8684089412231
B09KQZDW3P,asin-to-ean-tesvik,8684089411210
B09LR57SCD,asin-to-ean-tesvik,8684089411227
B09VPW69FL,asin-to-ean-tesvik,8684089411234
B0B7JSJ4Z3,asin-to-ean-tesvik,8684089411241
B09MTSHM9T,asin-to-ean-tesvik,8684089411258
B09KR127H3,asin-to-ean-tesvik,8684089411265
B09LR65JLX,asin-to-ean-tesvik,8684089411272
B09YNXJGG3,asin-to-ean-tesvik,8684089411289
B0B9BV5P7Z,asin-to-ean-tesvik,8684089412392
B09N7QLFN4,asin-to-ean-tesvik,8684089411296
B09MZFC5ZG,asin-to-ean-tesvik,8684089412248
B0B7MG67LC,asin-to-ean-tesvik,8684089411302
B09KR1G6FN,asin-to-ean-tesvik,8684089411319
B09N1F5QKF,asin-to-ean-tesvik,8684089412262
B09N7N5KBW,asin-to-ean-tesvik,8684089411326
B0BGP4KZS7,asin-to-ean-tesvik,8684089412408
B09VPY473L,asin-to-ean-tesvik,8684089411340
B09RKD667Z,asin-to-ean-tesvik,8684089411357
B09F3HGGYQ,asin-to-ean-tesvik,8684089411364
B09F3J28FR,asin-to-ean-tesvik,8684089411371
B09J52Z788,asin-to-ean-tesvik,8684089411388
B09RJR15Q4,asin-to-ean-tesvik,8684089411395
B09RJQP22C,asin-to-ean-tesvik,8684089411401
B09RJTCHBJ,asin-to-ean-tesvik,8684089411418
B09N1BDBY1,asin-to-ean-tesvik,8684089412279
B09N1BKDWS,asin-to-ean-tesvik,8684089412286
B09LD43FQX,asin-to-ean-tesvik,8684089411425
B09NW3WX9P,asin-to-ean-tesvik,8684089411432
B0CDMCM6JZ,asin-to-ean-tesvik,8684089407787
B09WYY12TZ,asin-to-ean-tesvik,8684089411456
B09WZ19RN2,asin-to-ean-tesvik,8684089411463
B09WYXNFBC,asin-to-ean-tesvik,8684089411470
B0B77GN8C9,asin-to-ean-tesvik,8684089411487
B0999QNS39,asin-to-ean-tesvik,8684089411494
B096FXZ825,asin-to-ean-tesvik,8684089411500
B096FWPGKP,asin-to-ean-tesvik,8684089411517
B096FWM1Y5,asin-to-ean-tesvik,8684089411524
B09WRFZXRY,asin-to-ean-tesvik,8684089411531
B09H665D4C,asin-to-ean-tesvik,8684089411548
B097W31RF8,asin-to-ean-tesvik,8684089411555
B094G8PN8K,asin-to-ean-tesvik,8684089411562
B098H3752Z,asin-to-ean-tesvik,8684089411579
B098H6N38J,asin-to-ean-tesvik,8684089411586
B099QSC8CQ,asin-to-ean-tesvik,8684089411593
B09MZH95GP,asin-to-ean-tesvik,8684089412293
B09NSWYHJ1,asin-to-ean-tesvik,8684089411609
B0B3Y7VBYF,asin-to-ean-tesvik,8684089412309
B0B3Y86BJL,asin-to-ean-tesvik,8684089412316
B0B7JWTGP4,asin-to-ean-tesvik,8684089411616
B09Z35G32L,asin-to-ean-tesvik,8684089411623
B09VPZ2673,asin-to-ean-tesvik,8684089411630
B09LR4XDDN,asin-to-ean-tesvik,8684089411647
B09MNKTQXH,asin-to-ean-tesvik,8684089411654
B09MNLF3S8,asin-to-ean-tesvik,8684089411661
B09MNM7NPQ,asin-to-ean-tesvik,8684089411678
B09MNN2W3W,asin-to-ean-tesvik,8684089411685
B09MNLMM42,asin-to-ean-tesvik,8684089411692
B09VLFZD2K,asin-to-ean-tesvik,8684089411708
B09VLJ3GJW,asin-to-ean-tesvik,8684089411715
B09VLDM48V,asin-to-ean-tesvik,8684089411722
B09WRFRP51,asin-to-ean-tesvik,8684089411777
B09WRFKXD4,asin-to-ean-tesvik,8684089411784
B09HVF27WP,asin-to-ean-tesvik,8684089411791
B09BZM9Y8F,asin-to-ean-tesvik,8684089411807
B09VPVM7GL,asin-to-ean-tesvik,8684089411814
B0B2F1LGKH,asin-to-ean-tesvik,8684089412323
B09CF4G2JH,asin-to-ean-tesvik,8684089411821
B09L1J5VWY,asin-to-ean-tesvik,8684089411838
B09L1HWV7Q,asin-to-ean-tesvik,8684089411845
B09L1JZHR1,asin-to-ean-tesvik,8684089411852
B09N1DLVH5,asin-to-ean-tesvik,8684089412330
B09N1D933C,asin-to-ean-tesvik,8684089412347
B097VQ3QKJ,asin-to-ean-tesvik,8684089412415
B099QTGCCV,asin-to-ean-tesvik,8684089412422
B097RMSQDT,asin-to-ean-tesvik,8684089412439
B09N1GMPGZ,asin-to-ean-tesvik,8684089412781
B09L1JZ5FK,asin-to-ean-tesvik,8684089412446
B0B2F3CGKN,asin-to-ean-tesvik,8684089412798
B09N1HS1JL,asin-to-ean-tesvik,8684089412804
B0B9BWSBJB,asin-to-ean-tesvik,8684089412842
B09CF2GT3X,asin-to-ean-tesvik,8684089412453
B09LR57TXF,asin-to-ean-tesvik,8684089412460
B094G6X73N,asin-to-ean-tesvik,8684089412477
B097RLDP2B,asin-to-ean-tesvik,8684089412491
B097RNRJGF,asin-to-ean-tesvik,8684089412507
B0975ZT5D3,asin-to-ean-tesvik,8684089412514
B094GB7YFD,asin-to-ean-tesvik,8684089412521
B09J52M6QJ,asin-to-ean-tesvik,8684089412538
B097RLZDJY,asin-to-ean-tesvik,8684089412545
B094GDPX7N,asin-to-ean-tesvik,8684089412552
B094GF5ZTH,asin-to-ean-tesvik,8684089412569
B094GCSQDT,asin-to-ean-tesvik,8684089412576
B097VRC8V2,asin-to-ean-tesvik,8684089412583
B099QTJ6WF,asin-to-ean-tesvik,8684089412590
B09MNKYTL2,asin-to-ean-tesvik,8684089412606
B09BZN7QTK,asin-to-ean-tesvik,8684089412620
B09765RC1V,asin-to-ean-tesvik,8684089412644
B09NW5X8MY,asin-to-ean-tesvik,8684089412651
B097W6DNCZ,asin-to-ean-tesvik,8684089412668
B0B7JVJYHN,asin-to-ean-tesvik,8684089412682
B0B7JTLMP4,asin-to-ean-tesvik,8684089412699
B094GD5TCG,asin-to-ean-tesvik,8684089412705
B099QSGK96,asin-to-ean-tesvik,8684089412712
B09N1BHHQ6,asin-to-ean-tesvik,8684089412811
B09N1CWRL2,asin-to-ean-tesvik,8684089412828
B09N1DMVRS,asin-to-ean-tesvik,8684089412835
B09VPWJSF6,asin-to-ean-tesvik,8684089412729
B09N1CSJB6,asin-to-ean-tesvik,8684089412743
B09MNLDLC3,asin-to-ean-tesvik,8684089412750
B098GVZMRN,asin-to-ean-tesvik,8684089412767
B098GQRB8D,asin-to-ean-tesvik,8684089412774
B0BS6HNTVP,asin-to-ean-tesvik,8684089403031
B0BS6HV9KS,asin-to-ean-tesvik,8684089403079
B0BFQTSNNC,asin-to-ean-tesvik,8684089407992
B0D6YZD63X,asin-to-ean-tesvik,8684089413665
B0D6YYY5SG,asin-to-ean-tesvik,8684089413641
B0D6YZ79HM,asin-to-ean-tesvik,8684089413658
B0D5BL24NF,asin-to-ean-tesvik,8684089413375
B0D5BP6ZX9,asin-to-ean-tesvik,8684089413344
B0D5BLQTYP,asin-to-ean-tesvik,8684089413351
B0D5BMR39Z,asin-to-ean-tesvik,8684089413368
B0CKXPGZ9F,asin-to-ean-tesvik,8684089408173
B08LYYX5DD,asin-to-ean-tesvik,8684089413603
B0BSJPFNGM,asin-to-ean-tesvik,8684089404120
B0BSJHTLRR,asin-to-ean-tesvik,8684089404106
B0C3Z3TGCB,asin-to-ean-tesvik,8684089406872
B0C5JSDN5Q,asin-to-ean-tesvik,8684089407114
B0D8TL5SHX,asin-to-ean-tesvik,8684089413689
B0D8TPS173,asin-to-ean-tesvik,8684089413696
B0D8TP189Q,asin-to-ean-tesvik,8684089413672
B0BQRR9NLH,asin-to-ean-tesvik,8684089400214
B0BQRQHFC7,asin-to-ean-tesvik,8684089400221
B0BS43RL4P,asin-to-ean-tesvik,8684089402782
B0BS46RQGL,asin-to-ean-tesvik,8684089402768
B0BS4548F8,asin-to-ean-tesvik,8684089402751
B0BS46PM8X,asin-to-ean-tesvik,8684089402775
B0BS44DN9S,asin-to-ean-tesvik,8684089402744
B0BR2VDMDY,asin-to-ean-tesvik,8684089400856
B0BR2WG1Y5,asin-to-ean-tesvik,8684089400849
B0BR2WJPLG,asin-to-ean-tesvik,8684089400863
B0BR4KFLQR,asin-to-ean-tesvik,8684089400917
B0BR4KNBQD,asin-to-ean-tesvik,8684089400900
B0BRD9N5SV,asin-to-ean-tesvik,8684089401303
B0BT5341FC,asin-to-ean-tesvik,8684089405134
B0BR5GL19R,asin-to-ean-tesvik,8684089400948
B0BR5HM3HV,asin-to-ean-tesvik,8684089400931
B0BR5GYDRR,asin-to-ean-tesvik,8684089400955
B0BQSB37M5,asin-to-ean-tesvik,8684089400276
B0BQSJQSV2,asin-to-ean-tesvik,8684089400269
B0BQRYN6YB,asin-to-ean-tesvik,8684089400283
B0BQWGWR6H,asin-to-ean-tesvik,8684089400306
B0BQWHPBXP,asin-to-ean-tesvik,8684089400290
B0BQWBXNML,asin-to-ean-tesvik,8684089400313
B0BQWHB6JS,asin-to-ean-tesvik,8684089400337
B0BQWKHW3Z,asin-to-ean-tesvik,8684089400320
B0BQWLXQ3Q,asin-to-ean-tesvik,8684089400344
B0BQWKRS9G,asin-to-ean-tesvik,8684089400375
B0BQWQ1MGT,asin-to-ean-tesvik,8684089400405
B0BQWRHKBT,asin-to-ean-tesvik,8684089400429
B0BQWSR59Z,asin-to-ean-tesvik,8684089400412
B0BQWTK5Z1,asin-to-ean-tesvik,8684089400436
B0BS717KSS,asin-to-ean-tesvik,8684089402799
B0BS6YFYGW,asin-to-ean-tesvik,8684089402812
B0BQYRG6MP,asin-to-ean-tesvik,8684089400535
B0BQYP48BS,asin-to-ean-tesvik,8684089400528
B0BQYMDYCR,asin-to-ean-tesvik,8684089400542
B0BQWX2LVX,asin-to-ean-tesvik,8684089400504
B0BQWWB5KZ,asin-to-ean-tesvik,8684089400498
B0BQWVCR5X,asin-to-ean-tesvik,8684089400511
B0BR2N4H9V,asin-to-ean-tesvik,8684089400825
B0BR2MWW26,asin-to-ean-tesvik,8684089400818
B0BR2P6FRD,asin-to-ean-tesvik,8684089400832
B0BR2PD367,asin-to-ean-tesvik,8684089400788
B0BR2NDF4N,asin-to-ean-tesvik,8684089400801
B0BQRL1Y7T,asin-to-ean-tesvik,8684089400184
B0BQRK14BH,asin-to-ean-tesvik,8684089400191
B0DBR4SJB5,asin-to-ean-tesvik,8684089413764
B0DBR823CS,asin-to-ean-tesvik,8684089413757
B0DBR8CKMD,asin-to-ean-tesvik,8684089413740
B0CQRJD4YL,asin-to-ean-tesvik,8684089408647
B0BRD8P64N,asin-to-ean-tesvik,8684089401297
B0BS73LNJ8,asin-to-ean-tesvik,8684089402898
B0BS72PGHY,asin-to-ean-tesvik,8684089402881
B0BS72MZHY,asin-to-ean-tesvik,8684089402904
B0BT14WQZG,asin-to-ean-tesvik,8684089405097
B0BT1FYBSH,asin-to-ean-tesvik,8684089405080
B0BT1GK4J3,asin-to-ean-tesvik,8684089405103
B0C3JGDSV6,asin-to-ean-tesvik,8684089406605
B0C3JJSWJG,asin-to-ean-tesvik,8684089406612
B0BRSCQ5JZ,asin-to-ean-tesvik,8684089401990
B0BRSC66ZR,asin-to-ean-tesvik,8684089401952
B0BRSD4661,asin-to-ean-tesvik,8684089401914
B0BRSCMVQ6,asin-to-ean-tesvik,8684089402034
B0BRSDVC28,asin-to-ean-tesvik,8684089402072
B0BRSCBYVS,asin-to-ean-tesvik,8684089402003
B0BRSF2VL1,asin-to-ean-tesvik,8684089401969
B0BRSD9Y63,asin-to-ean-tesvik,8684089401921
B0BRSC77PH,asin-to-ean-tesvik,8684089402041
B0BRSCKBHD,asin-to-ean-tesvik,8684089402089
B0BRSCQK5D,asin-to-ean-tesvik,8684089402010
B0BRSCV3NV,asin-to-ean-tesvik,8684089401976
B0BRSCFZG3,asin-to-ean-tesvik,8684089401938
B0BRSCNL4P,asin-to-ean-tesvik,8684089402058
B0BRSDGJH6,asin-to-ean-tesvik,8684089402096
B0BRSCYQZC,asin-to-ean-tesvik,8684089402027
B0BRSCBCNX,asin-to-ean-tesvik,8684089401983
B0BRSCSJ9B,asin-to-ean-tesvik,8684089401945
B0BRSCDGRN,asin-to-ean-tesvik,8684089402065
B0BRSBVD1R,asin-to-ean-tesvik,8684089402102
B0BRS8KZW3,asin-to-ean-tesvik,8684089401716
B0BRSDWK1F,asin-to-ean-tesvik,8684089401679
B0BRSF2HX5,asin-to-ean-tesvik,8684089401631
B0BRSF9WQT,asin-to-ean-tesvik,8684089401754
B0BRSDT8K9,asin-to-ean-tesvik,8684089401792
B0BRSF3Y9Z,asin-to-ean-tesvik,8684089401723
B0BRSDYB7J,asin-to-ean-tesvik,8684089401686
B0BRSF9WQL,asin-to-ean-tesvik,8684089401648
B0BRS8XTPG,asin-to-ean-tesvik,8684089401761
B0BRSF38KG,asin-to-ean-tesvik,8684089401808
B0BRSCX135,asin-to-ean-tesvik,8684089401730
B0BRSF1J8G,asin-to-ean-tesvik,8684089401693
B0BRSDRJ9X,asin-to-ean-tesvik,8684089401655
B0BRSD186Q,asin-to-ean-tesvik,8684089401778
B0BRSFZJYY,asin-to-ean-tesvik,8684089401815
B0BRSG9QWY,asin-to-ean-tesvik,8684089401747
B0BRSGF5J5,asin-to-ean-tesvik,8684089401709
B0BRSF8FZZ,asin-to-ean-tesvik,8684089401662
B0BRSFHJ71,asin-to-ean-tesvik,8684089401785
B0BRSB6TSZ,asin-to-ean-tesvik,8684089401822
B0BRT27M8P,asin-to-ean-tesvik,8684089402195
B0BRT4R6QQ,asin-to-ean-tesvik,8684089402157
B0BRT3VGH8,asin-to-ean-tesvik,8684089402119
B0BRT3N4D5,asin-to-ean-tesvik,8684089402232
B0BRT1T562,asin-to-ean-tesvik,8684089402270
B0BRSZSF6H,asin-to-ean-tesvik,8684089402201
B0BRT22FH2,asin-to-ean-tesvik,8684089402164
B0BRT3Z6VL,asin-to-ean-tesvik,8684089402126
B0BRT32T3Q,asin-to-ean-tesvik,8684089402249
B0BRSZWK6R,asin-to-ean-tesvik,8684089402287
B0BRT3VJQ1,asin-to-ean-tesvik,8684089402218
B0BRT2KF9L,asin-to-ean-tesvik,8684089402171
B0BRT33RQH,asin-to-ean-tesvik,8684089402133
B0BRT345B9,asin-to-ean-tesvik,8684089402256
B0BRT2LD7S,asin-to-ean-tesvik,8684089402294
B0BRT1TKHR,asin-to-ean-tesvik,8684089402225
B0BRT27L46,asin-to-ean-tesvik,8684089402188
B0BRT1N7MJ,asin-to-ean-tesvik,8684089402140
B0BRT4QBFN,asin-to-ean-tesvik,8684089402263
B0BRT2XMHF,asin-to-ean-tesvik,8684089402300
B0BRXQS4JF,asin-to-ean-tesvik,8684089402317
B0BRXNZPL5,asin-to-ean-tesvik,8684089402409
B0BT4W5C6W,asin-to-ean-tesvik,8684089405462
B0BT4W33F4,asin-to-ean-tesvik,8684089405479
B0D7MNYMNG,asin-to-ean-tesvik,8684089411333
B0BS3P88YL,asin-to-ean-tesvik,8684089403154
B0BS3QRV8V,asin-to-ean-tesvik,8684089403123
B0BS3Q8C6S,asin-to-ean-tesvik,8684089403147
B0BS3QRYKN,asin-to-ean-tesvik,8684089403109
B0BS3R1ZVT,asin-to-ean-tesvik,8684089403086
B0BSLFSDHB,asin-to-ean-tesvik,8684089403642
B0BSLHB87Q,asin-to-ean-tesvik,8684089403628
B0BSLFMCZZ,asin-to-ean-tesvik,8684089403659
B0BSLFBQQW,asin-to-ean-tesvik,8684089403635
B0BSLFY7C9,asin-to-ean-tesvik,8684089403604
B0BSLFT8L6,asin-to-ean-tesvik,8684089403581
B0BSLGGN7M,asin-to-ean-tesvik,8684089403611
B0BSLG7XS1,asin-to-ean-tesvik,8684089403598
B0BSLFPMT4,asin-to-ean-tesvik,8684089403567
B0BSLFWX1R,asin-to-ean-tesvik,8684089403543
B0BSLHDKR2,asin-to-ean-tesvik,8684089403574
B0BSLG5PM5,asin-to-ean-tesvik,8684089403550
B0BSLGPQQT,asin-to-ean-tesvik,8684089403680
B0BSLF8KR1,asin-to-ean-tesvik,8684089403666
B0BSLNSK6L,asin-to-ean-tesvik,8684089403697
B0BSLFJZL3,asin-to-ean-tesvik,8684089403673
B0BS194W17,asin-to-ean-tesvik,8684089402522
B0BS1BX499,asin-to-ean-tesvik,8684089402553
B0BS19T395,asin-to-ean-tesvik,8684089402546
B0BS1BX5G5,asin-to-ean-tesvik,8684089402539
B0BSLNHDMD,asin-to-ean-tesvik,8684089403864
B0BSLLPPYD,asin-to-ean-tesvik,8684089403819
B0BSLLSBM2,asin-to-ean-tesvik,8684089403833
B0BSLG4Z6N,asin-to-ean-tesvik,8684089403468
B0BSLG34LG,asin-to-ean-tesvik,8684089403482
B0BSLFXDQ4,asin-to-ean-tesvik,8684089403475
B0BSLFBFL4,asin-to-ean-tesvik,8684089403437
B0BSLFGXH8,asin-to-ean-tesvik,8684089403451
B0BSLDB5JH,asin-to-ean-tesvik,8684089403444
B0BSLKVDGJ,asin-to-ean-tesvik,8684089403710
B0BSLL1HQX,asin-to-ean-tesvik,8684089403703
B0C46G3QKH,asin-to-ean-tesvik,8684089406933
B0C46FTL56,asin-to-ean-tesvik,8684089406940
B0C46BYRPF,asin-to-ean-tesvik,8684089406957
B0C46FYSFV,asin-to-ean-tesvik,8684089406964
B0C46DRJ2L,asin-to-ean-tesvik,8684089406971
B0C46HN87M,asin-to-ean-tesvik,8684089406889
B0C46D5BDD,asin-to-ean-tesvik,8684089406896
B0C46F9C25,asin-to-ean-tesvik,8684089406902
B0C46H8WRG,asin-to-ean-tesvik,8684089406919
B0C46GHT6V,asin-to-ean-tesvik,8684089406926
B0C46FL8XD,asin-to-ean-tesvik,8684089406988
B0C46DWD5L,asin-to-ean-tesvik,8684089406995
B0C46F345M,asin-to-ean-tesvik,8684089407008
B0C46BDBHL,asin-to-ean-tesvik,8684089407015
B0C46DZ75Q,asin-to-ean-tesvik,8684089407022
B0BS69XS4N,asin-to-ean-tesvik,8684089402973
B0BS68QDN7,asin-to-ean-tesvik,8684089402997
B0BS6848PP,asin-to-ean-tesvik,8684089402980
B0BS68P8MX,asin-to-ean-tesvik,8684089402942
B0BS6B2KNG,asin-to-ean-tesvik,8684089402966
B0BS68JF3X,asin-to-ean-tesvik,8684089402959
B0BS6BSP42,asin-to-ean-tesvik,8684089402911
B0BS69PYX7,asin-to-ean-tesvik,8684089402935
B0BS68H7ZV,asin-to-ean-tesvik,8684089402928
B0CDLZKHPQ,asin-to-ean-tesvik,8684089407640
B0BS9SLLW7,asin-to-ean-tesvik,8684089403901
B0CDLWNCPJ,asin-to-ean-tesvik,8684089407657
B0BS9SJCDY,asin-to-ean-tesvik,8684089403895
B0CDLZXXL9,asin-to-ean-tesvik,8684089407626
B0BS9RRN7T,asin-to-ean-tesvik,8684089403888
B0CDLX4JZ3,asin-to-ean-tesvik,8684089407633
B0BS9RCQW6,asin-to-ean-tesvik,8684089403871
B0CDLZRWYM,asin-to-ean-tesvik,8684089407664
B0BS9T76YS,asin-to-ean-tesvik,8684089403925
B0CDLXNGML,asin-to-ean-tesvik,8684089407671
B0BS9S2XB8,asin-to-ean-tesvik,8684089403918
B0BSLLG2F7,asin-to-ean-tesvik,8684089403758
B0BSLKF8CY,asin-to-ean-tesvik,8684089403772
B0BSLN5L8Q,asin-to-ean-tesvik,8684089403765
B0BSLL2KJ4,asin-to-ean-tesvik,8684089403727
B0BSLL87JZ,asin-to-ean-tesvik,8684089403741
B0BSLN1PKB,asin-to-ean-tesvik,8684089403734
B0BSLLHC8P,asin-to-ean-tesvik,8684089403789
B0BSLJH46V,asin-to-ean-tesvik,8684089403802
B0BSLKV3FQ,asin-to-ean-tesvik,8684089403796
B0BSFKN752,asin-to-ean-tesvik,8684089404083
B0BSFL94FN,asin-to-ean-tesvik,8684089404076
B0BS6RTR26,asin-to-ean-tesvik,8684089403314
B0BS6T3LYC,asin-to-ean-tesvik,8684089403338
B0BS6TTMD8,asin-to-ean-tesvik,8684089403307
B0BS6RSH15,asin-to-ean-tesvik,8684089403321
B0BS6RTR21,asin-to-ean-tesvik,8684089403277
B0BS6RGBSR,asin-to-ean-tesvik,8684089403291
B0BS6RZN33,asin-to-ean-tesvik,8684089403260
B0BS6RG7HT,asin-to-ean-tesvik,8684089403284
B0BS6RYT63,asin-to-ean-tesvik,8684089403369
B0BS6Q9DZV,asin-to-ean-tesvik,8684089403383
B0BS6S648N,asin-to-ean-tesvik,8684089403352
B0BS6S28KM,asin-to-ean-tesvik,8684089403376
B0BS6T3VS9,asin-to-ean-tesvik,8684089403406
B0BS6RH3TL,asin-to-ean-tesvik,8684089403420
B0BS6RMCHJ,asin-to-ean-tesvik,8684089403390
B0BS6TV1FZ,asin-to-ean-tesvik,8684089403413
B0BXKTRJG8,asin-to-ean-tesvik,8684089406032
B0BS41NJYC,asin-to-ean-tesvik,8684089403161
B0BS435PL4,asin-to-ean-tesvik,8684089403178
B0CCVR1HFX,asin-to-ean-tesvik,8684089407503
B0CCVQK72T,asin-to-ean-tesvik,8684089407534
B0CCVP5YXK,asin-to-ean-tesvik,8684089407510
B0CCVP4T7V,asin-to-ean-tesvik,8684089407527
B0CDMCDBQ6,asin-to-ean-tesvik,8684089407718
B0CDMB56R7,asin-to-ean-tesvik,8684089407794
B0CDMBXYR3,asin-to-ean-tesvik,8684089407817
B0CDM8ZBTW,asin-to-ean-tesvik,8684089407800
B0CC2NG84M,asin-to-ean-tesvik,8684089407459
B0CC2QVHX7,asin-to-ean-tesvik,8684089407442
B0BSFFCDLQ,asin-to-ean-tesvik,8684089404069
B0BSFFVMLL,asin-to-ean-tesvik,8684089404052
B0BSLN4SQT,asin-to-ean-tesvik,8684089404007
B0BS6ZGLK4,asin-to-ean-tesvik,8684089403512
B0BS6YX58J,asin-to-ean-tesvik,8684089403529
B0BS71WXLY,asin-to-ean-tesvik,8684089403536
B0BS6ZYZH9,asin-to-ean-tesvik,8684089403499
B0BS6MD1PS,asin-to-ean-tesvik,8684089403239
B0BS6QRVZP,asin-to-ean-tesvik,8684089403253
B0BS6QQZ2N,asin-to-ean-tesvik,8684089403222
B0BS6RCT6C,asin-to-ean-tesvik,8684089403246
B0BS6RBD9Y,asin-to-ean-tesvik,8684089403192
B0BS6QS84V,asin-to-ean-tesvik,8684089403215
B0BS6SM7BN,asin-to-ean-tesvik,8684089403185
B0BS6R8HK1,asin-to-ean-tesvik,8684089403208
B0D6VSX5K5,asin-to-ean-tesvik,8684089413634
B0D6VSLWBL,asin-to-ean-tesvik,8684089413610
B0D6VR3GQ9,asin-to-ean-tesvik,8684089413627
B0BWNDN2RC,asin-to-ean-tesvik,8684089405950
B0BWNCRW95,asin-to-ean-tesvik,8684089405967
B0BWNCZLGP,asin-to-ean-tesvik,8684089405943
B0BWNDMB6R,asin-to-ean-tesvik,8684089405998
B0BWNG14HX,asin-to-ean-tesvik,8684089405974
B0BWNFGRQS,asin-to-ean-tesvik,8684089405981
B0BWNBZBGV,asin-to-ean-tesvik,8684089405936
B0B3Y9MMCP,asin-to-ean-tesvik,8684089413795
B0B3YR7PTH,asin-to-ean-tesvik,8684089413801
B0B3Y74JZJ,asin-to-ean-tesvik,8684089413788
B0CFYLX4PX,asin-to-ean-tesvik,8684089407961
B0CF5LF2BQ,asin-to-ean-tesvik,8684089407848
B0CF5LBWX9,asin-to-ean-tesvik,8684089407831
B0CF5L3MRV,asin-to-ean-tesvik,8684089407879
B0CF5KP3RH,asin-to-ean-tesvik,8684089407862